LCG,MARKET INTELLIGENCE / RANKINGS,,,,,,,,,,,
Las 500 Empresas más importantes de México,,,,,,,,,,,,
Fuente: Expansión · 500empresas.expansion.mx · Edición 2025,,,,,,,,,,,,
,,,,,,,,,,,,
Rank,Empresa,Sector,País,Ventas (MDP),Utilidad Neta (MDP),Utilidad de Operación (MDP),Activo Total (MDP),Pasivo Total (MDP),Empleados,ROE (%),Datos gobernanza (sin separar — verificar en sitio),Ranking Ganado
1,Petróleos Mexicanos,Petróleo y gas,México,"1,672,673.00","(780,588.00)","(15,989.90)","2,208,752.60","4,192,528.30","129,198",39.3,ndndnd1532530.,30
2,Walmart de México y Centroamérica,Comercio autoservicio,Estados Unidos,"958,507.00","53,827.00","77,359.00","493,893.00","261,017.00","241,172",23.1,12542104405,50
3,América Móvil,Telecomunicaciones,México,"869,220.60","32,997.60","180,100.10","1,806,543.40","1,369,849.30","178,466",7.6,ndndnd14321.4nd,0
4,FEMSA,Holding,México,"781,585.00","40,236.00","70,668.00","851,536.00","470,405.00","388,000",10.6,7114156404,50
5,Comisión Federal de Electricidad,Electricidad y energía,México,"667,244.30","(271,574.00)","157,038.10","2,651,005.00","2,099,497.70","88,727",(49.2),ndndnd14321.424.,80
6,General Motors de México,Armadora,Estados Unidos,"654,000.00",n.d.,n.d.,n.d.,n.d.,"28,264",n.d.,2762217529.431.,80
7,BBVA México,Servicios financieros,España,"522,704.00","107,422.00","148,120.00","3,822.00","3,390.00","47,544",24.9,1121818316.75,11
8,Grupo Financiero Banorte,Servicios financieros,México,"506,969.00","52,418.00","69,561.00","2,471,209.00","2,222,781.00","30,908",21.1,1301213430.850.9,-1
9,Grupo Bimbo,Alimentos y bebidas,México,"408,335.00","12,544.00","33,149.00","416,804.00","289,106.00","152,366",9.8,100018527.82,40
10,Stellantis México,Armadora,Países Bajos,"377,970.00",n.d.,n.d.,n.d.,n.d.,"16,000",n.d.,ndndndndndndnd,0
11,Grupo BAL,Holding,México,"371,523.80","17,941.80","37,157.10","768,264.10","528,101.20","47,683",7.5,ndndndndndnd1,50
12,FEMSA Comercio (Oxxo),Comercio autoservicio,México,"307,197.00",n.d.,"29,216.00",n.d.,n.d.,"190,000",n.d.,ndndndndndnd6,2
13,Ford de México,Armadora,Estados Unidos,"306,694.00",n.d.,n.d.,n.d.,n.d.,"14,661",n.d.,ndndndndndnd3,0
14,Cemex,Cemento,México,"296,946.00","17,600.60","33,373.10","500,388.20","271,688.90","44,494",7.7,17804092313216.716,-2
15,Grupo México,Holding,México,"296,385.00","71,031.00","124,284.00","709,398.00","272,901.00","31,876",16.7,822514009.,14
16,Toyota Motor de México,Armadora,Japón,"290,000.00",n.d.,n.d.,n.d.,n.d.,"3,500",n.d.,ndndndndndndnd,-1
17,Grupo Comercial Chedraui,Comercio autoservicio,México,"281,761.50","6,819.00","15,069.70","168,267.30","115,918.10","74,369",13.0,ndndnd13215.44,70
18,Grupo Salinas,Holding,México,"280,827.40","(18,653.70)","21,367.40","563,377.30","484,191.30","89,961",(23.6),ndndndndndndnd,0
19,Coca-Cola FEMSA,Alimentos y bebidas,México,"279,793.20","24,548.80","39,916.20","307,986.30","157,444.70","116,719",16.3,13639292462516.,31
20,Nissan Mexicana,Armadora,Japón,"270,704.00",n.d.,"12,012.00",n.d.,n.d.,"23,061",n.d.,1022056610.719.,12
21,Grupo Coppel,Comercio departamental,México,"269,863.00",n.d.,n.d.,n.d.,n.d.,"118,865",n.d.,1343112216.754.6,-5
22,Banco Santander México,Servicios financieros,España,"247,886.00","28,821.00","39,404.00","2,004,000.00","1,851,000.00","25,589",18.8,164251642556,-1
23,Arca Continental,Alimentos y bebidas,México,"237,004.00","23,799.00","39,151.00","292,636.00","118,731.00","70,400",13.7,111921314.312.,41
24,HEINEKEN México,Bebidas alcohólicas y tabaco,Países Bajos,"228,000.00",n.d.,"40,000.00",n.d.,n.d.,"17,881",n.d.,93339333.31,96
25,Americas Mining Corporation,Minería,México,"227,231.30","57,899.80","103,118.80","399,804.60","180,811.60",n.d.,29.1,ndndndndndndnd,3
26,Volkswagen de México,Armadora,Alemania,"223,759.00","2,411.00","8,572.00","127,048.00","72,410.00","12,856",4.4,445117114.317.4,-3
27,Infonavit,Servicios financieros,México,"218,190.20","37,025.60","82,070.30","2,505,341.40","2,204,711.90","5,456",12.3,ndndndndndndnd,-2
28,Liverpool,Comercio departamental,México,"214,848.00","23,154.00","31,854.00","289,729.00","111,016.00","81,394",13.6,112181532061.1,-1
29,KIA México,Armadora,Corea,"210,000.00",n.d.,n.d.,n.d.,n.d.,"3,000",n.d.,ndndndndndnd33.,30
30,Grupo Carso,Holding,México,"202,983.40","17,345.10","23,682.00","281,561.40","120,408.10","90,533",10.8,ndndnd1616.341,-4
31,Grupo Elektra,Holding,México,"201,297.00","(11,153.40)","17,523.40","479,257.30","398,726.30","71,278",(13.8),ndnd26700nd,0
32,Sam's Club,Comercio autoservicio,Estados Unidos,"189,869.30",n.d.,n.d.,n.d.,n.d.,n.d.,n.d.,ndndndndndndnd,0
33,Organización Soriana,Comercio autoservicio,México,"179,112.00","3,909.00","8,664.00","156,852.00","74,237.00","90,795",4.7,611714321.450.,30
34,Alfa,Holding,México,"163,242.70",234.30,"12,339.40","236,315.90","192,141.30","53,521",0.5,ndnd271317.73,81
35,Ternium,Siderurgia y metalurgia,Luxemburgo,"162,433.00",711.00,"8,848.00","202,741.00","39,278.00","10,581",0.4,161682259.3,-1
36,Sigma Alimentos,Alimentos y bebidas,México,"160,938.30","6,495.10","14,244.30","110,427.20","88,698.90","47,461",29.9,ndndnd9004,10
37,Grupo Financiero Inbursa,Servicios financieros,México,"147,993.60","34,464.20","42,520.00","822,560.00","561,350.00","3,763",13.2,79121517317.650.,44
38,Banobras,Servicios financieros,México,"145,256.00","1,840.00",(477.00),"1,193,901.00","1,085,631.00","1,031",1.7,1343112433.34,71
39,Jabil,Tecnología diversificada,Estados Unidos,"143,000.00",n.d.,n.d.,n.d.,n.d.,"31,854",n.d.,112189222.253.,21
40,Grupo Modelo AB-InBev,Bebidas alcohólicas y tabaco,Bélgica,"139,128.00",n.d.,n.d.,n.d.,n.d.,"44,129",n.d.,ndndndndndndnd,6
41,Orbia Advance Corporation,Holding,México,"137,585.00","4,088.00","8,047.00","202,675.00","148,051.00","23,286",7.5,102201232520,-4
42,Alpek,Química y petroquímica,México,"137,409.50",(212.00),"5,170.30","116,716.80","83,212.30","5,514",(0.6),ndndnd1317.7nd,-4
43,Grupo Financiero HSBC,Servicios financieros,Reino Unido,"129,232.00","8,403.00","12,446.00","968,266.00","882,437.00","13,320",9.8,922729102207.,56
44,Flextronics Manufacturing Mex,Tecnología diversificada,Estados Unidos,"126,500.00",n.d.,n.d.,n.d.,n.d.,"39,735",n.d.,152139222.25,10
45,PepsiCo Alimentos México,Alimentos y bebidas,Estados Unidos,"122,211.00",n.d.,n.d.,n.d.,n.d.,"48,871",n.d.,ndndndndndnd28,-2
46,Industrias Peñoles,Minería,México,"121,895.90","3,810.10","19,695.60","188,236.80","84,996.30","15,613",3.7,ndndnd252813.,74
47,Corporativo Fragua,Comercio de medicamentos,México,"120,238.00","4,902.00","8,613.00","57,528.00","32,114.00","59,953",19.3,1774116637.56,31
48,Gruma,Alimentos y bebidas,México,"118,906.00","9,752.00","16,318.00","97,783.00","59,295.00","25,080",23.9,7114111930,-3
49,Grupo Xignux,Holding,México,"116,801.80","5,256.60","11,542.00","88,622.20","36,745.40","31,800",25.6,ndnd2013003,72
50,GNP Seguros,Seguros y fianzas,México,"116,497.00","3,563.00","(9,167.00)","246,024.00","227,207.00","6,975",18.9,13182214.551.,53
51,Cinépolis,Entretenimiento,México,"113,000.00",n.d.,n.d.,n.d.,n.d.,"36,000",n.d.,ndndndndndndnd,-4
52,Honda de México,Armadora,Japón,"112,026.00",n.d.,n.d.,n.d.,n.d.,"6,000",n.d.,ndndndndndndnd,0
53,Banco Azteca,Servicios financieros,México,"109,202.00","5,523.00","7,699.00","325,488.00","286,212.00","42,695",14.1,293103133.345.,92
54,Audi México,Armadora,Alemania,"105,981.00",n.d.,n.d.,n.d.,n.d.,"5,660",n.d.,30030016.6,-12
55,Iberdrola México,Electricidad y energía,España,"105,692.40",n.d.,n.d.,"77,200.20","40,372.20",835,n.d.,ndndndndndndnd,34
56,Grupo Aeroméxico,Aerolíneas,México,"103,012.80","11,318.80","19,552.60","117,011.40","128,804.90","16,219",(66.8),ndnd1412003,75
57,Grupo Lala,Alimentos y bebidas,México,"100,676.80","2,730.80","7,858.10","66,596.60","54,735.70","39,557",23.0,ndnd09111.121,-3
58,Grupo Bachoco,Agroindustria,México,"99,343.00","9,256.00","10,696.00","78,649.00","29,536.00","40,272",18.8,ndndnd17002,77
59,Magna International México,Automotriz y autopartes,Canadá,"98,358.80",n.d.,n.d.,"29,969.60",n.d.,n.d.,n.d.,ndndndndndndnd,1
60,Grupo Financiero Scotiabank Inverlat,Servicios financieros,Canadá,"95,607.00","12,156.00","15,884.00","941,997.00","846,225.00","9,620",12.7,173181044051,-2
61,Costco de México,Comercio autoservicio,Estados Unidos,"94,500.00",n.d.,n.d.,n.d.,n.d.,"12,000",n.d.,ndndndndndndnd,-5
62,Nestlé México,Alimentos y bebidas,Suiza,"93,100.00",n.d.,n.d.,n.d.,n.d.,"13,786",n.d.,21943536045.6,-5
63,Nemak,Automotriz y autopartes,México,"89,939.00",459.20,"2,662.90","96,066.70","65,715.20","13,661",1.5,ndndnd11327.323.2,-4
64,Mabe,Electrónica de consumo,México,"88,165.00","3,365.00","5,376.00","71,069.00","45,039.00","24,984",12.9,1321517423.549,-2
65,Grupo Empresarial Ángeles,Holding,México,"87,230.00",n.d.,n.d.,n.d.,n.d.,"40,000",n.d.,ndndndndndndnd,-2
66,Mercado Libre de México,Comercio electrónico (e-commerce),Argentina,"85,000.00",n.d.,n.d.,n.d.,n.d.,"25,552",n.d.,6009222.247.7,32
67,MetLife México,Seguros y fianzas,Estados Unidos,"84,281.00","9,828.00",430.70,"168,487.60","145,490.90","2,223",42.7,1055017529.454.6,-3
68,Robert Bosch México,Tecnología diversificada,Alemania,"82,621.60",n.d.,n.d.,n.d.,n.d.,"17,200",n.d.,ndndndndndndnd,1
69,FEMSA División Salud,Comercio de medicamentos,México,"79,755.00",n.d.,"3,483.00",n.d.,n.d.,"34,185",n.d.,ndndndndndndnd,-2
70,Alsea,Restaurantes,México,"78,986.00",763.00,"8,280.00","83,814.00","72,925.20","75,993",8.2,1011013323.147.3,-2
71,Tiendas Elektra,Comercio departamental,México,"78,749.00",n.d.,"9,029.00","120,442.00","93,054.00","62,647",n.d.,ndnd268005,80
72,AT&T México,Telecomunicaciones,Estados Unidos,"77,573.00",n.d.,"12,776.00",n.d.,n.d.,"13,375",n.d.,623363504,2
73,BBVA Seguros México,Seguros y fianzas,España,"77,118.40","11,177.00","(10,282.00)","259,943.00","245,414.00",n.d.,76.9,ndndndndndndnd,5
74,Grupo Sanborns,Comercio departamental,México,"73,353.00","3,925.30","4,844.30","65,343.30","25,854.30","41,367",9.9,ndndnd1418.3nd,-4
75,Continental México,Automotriz y autopartes,Alemania,"73,200.00",n.d.,n.d.,n.d.,n.d.,"20,500",n.d.,62336233.347,-9
76,Grupo Envases Universales,Vidrio y envases,México,"72,450.00",n.d.,n.d.,n.d.,n.d.,"9,000",n.d.,ndndndndndndnd,-1
77,Softtek,Computación y servicios,México,"72,345.00",n.d.,n.d.,n.d.,n.d.,"6,600",n.d.,ndndndndndndnd,2
78,H-E-B,Comercio autoservicio,Estados Unidos,"72,274.00","1,914.00","2,883.00","38,613.00","17,797.00","19,015",9.2,92229222.257.,42
79,Quálitas Controladora,Seguros y fianzas,México,"69,276.00","5,119.00","2,809.00","108,134.00","83,467.00","7,207",20.8,1353812216.742,16
80,Lear Corporation México,Automotriz y autopartes,Estados Unidos,"69,175.80",n.d.,n.d.,"13,254.40",n.d.,"51,900",n.d.,ndndndndndndnd,1
81,SuKarne,Agroindustria,México,"68,000.00",n.d.,n.d.,n.d.,n.d.,"16,000",n.d.,ndndndndndndnd,-5
82,Casa Ley,Comercio autoservicio,México,"67,200.00",n.d.,n.d.,n.d.,n.d.,"22,000",n.d.,ndndndndndndnd,1
83,Grupo Villacero,Siderurgia y metalurgia,México,"66,200.00",n.d.,n.d.,n.d.,n.d.,n.d.,n.d.,ndndndndndndnd,-11
84,FEMSA Combustibles,Petróleo y gas,México,"65,365.00",n.d.,"2,809.00",n.d.,n.d.,"6,206",n.d.,ndndndndndndnd,1
85,DeAcero,Siderurgia y metalurgia,México,"65,000.00",n.d.,n.d.,n.d.,n.d.,"11,000",n.d.,ndndndndndndnd,-12
86,Fresnillo PLC,Minería,México,"64,088.70","4,155.20","17,336.90","107,788.80","30,612.70","7,179",5.4,ndnd912541.712.5,20
87,AXA Seguros,Seguros y fianzas,Francia,"63,739.00","3,074.00","1,255.00","109,532.00","93,360.00","4,293",19.0,92226233.351.,65
88,Grupo Proeza,Holding,México,"63,239.00",n.d.,n.d.,n.d.,n.d.,"13,974",n.d.,368221022020,-4
89,Grupo Televisa,Holding,México,"62,260.90","(8,328.40)","(2,818.90)","251,657.80","139,820.60","32,932",(7.5),ndndnd2528nd,-12
90,Farmacias del Ahorro,Comercio de medicamentos,México,"61,538.00",n.d.,n.d.,n.d.,n.d.,"25,000",n.d.,ndndndndndndnd,-3
91,Grupo México División Transportes,Logística y transporte,México,"60,643.50","11,098.80","16,856.60","130,912.40","59,131.30","11,332",15.5,ndndnd1200nd,0
92,MG Motor,Armadora,China,"60,168.00",n.d.,n.d.,n.d.,n.d.,121,n.d.,600nanana44.6,-10
93,Aeropuertos y Servicios Auxiliares,Servicios aeroportuarios,México,"60,061.10","5,981.60","55,028.50","54,056.60","27,011.40","2,500",22.1,ndndndndndndnd,18
94,Archer Daniels Midland México (ADM),Agroindustria,Estados Unidos,"58,821.00",n.d.,n.d.,n.d.,n.d.,"1,500",n.d.,ndndndndndndnd,-4
95,Volaris,Aerolíneas,México,"57,591.00","2,316.00","7,574.00","119,093.00","111,476.00","6,901",30.4,60014214.347,-7
96,Tiendas 3B,Comercio autoservicio,México,"57,439.00",n.d.,n.d.,n.d.,n.d.,"25,300",n.d.,7009222.261,23
97,Grupo Desc,Holding,México,"56,129.00","(1,338.00)","2,413.00","63,144.00","43,674.00","24,806",(6.9),ndndnd12003,64
98,Grupo Palacio de Hierro,Comercio departamental,México,"56,079.50","2,988.10","4,924.20","60,380.50","33,373.60","13,187",11.1,ndnd25253125,14
99,P&G México,Productos de consumo,Estados Unidos,"55,650.00",n.d.,n.d.,n.d.,n.d.,"7,300",n.d.,ndndndndndndnd,-2
100,Mondelēz Snacking México,Alimentos y bebidas,Estados Unidos,"55,439.00",n.d.,n.d.,n.d.,n.d.,"15,502",n.d.,1243311436.439,-6
101,Grupo Inditex México,Comercio departamental,España,"55,073.00",n.d.,n.d.,n.d.,n.d.,"6,108",n.d.,ndndndndndndnd,-2
102,Union Pacific de México,Logística y transporte,Estados Unidos,"54,990.00",n.d.,n.d.,n.d.,n.d.,n.d.,n.d.,ndndndndndndnd,3
103,Kimberly-Clark de México,Productos de consumo,México/Estados Unidos,"54,782.30","7,830.30","12,846.90","52,109.40","44,702.50","9,443",105.7,ndndnd2452010,-7
104,PACCAR México,Armadora,Estados Unidos,"53,896.00",n.d.,"4,298.00","17,562.00","7,298.00","3,565",n.d.,39513nanana16,19
105,Grupo Ángeles Servicios de Salud,Servicios de salud,México,"53,000.00",n.d.,n.d.,n.d.,n.d.,"35,000",n.d.,ndndndndndndnd,-1
106,Valeo México,Automotriz y autopartes,Francia,"51,423.50",n.d.,n.d.,n.d.,n.d.,"12,957",n.d.,ndndndndndndnd,-3
107,ArcelorMittal México,Siderurgia y metalurgia,Luxemburgo,"51,085.70",n.d.,n.d.,"32,975.70",n.d.,"6,022",n.d.,ndndndndndndnd,-21
108,Nadro,Logística y transporte,México,"49,967.00",n.d.,"1,163.00","22,252.00","19,671.00","6,638",n.d.,100012216.733,n.d.
109,Mota-Engil México,Infraestructura,Portugal,"49,663.30",n.d.,n.d.,"14,582.20",n.d.,"4,500",n.d.,ndndndndndndnd,13
110,BanBajío,Servicios financieros,México,"48,946.00","10,689.00","14,574.00","363,467.00","317,949.00","6,639",23.5,60014321.45,53
111,Grupo Condumex,Equipo eléctrico,México,"48,787.00","5,342.00","5,194.00",n.d.,n.d.,n.d.,n.d.,ndndndndndndnd,5
112,Afirme Grupo Financiero,Servicios financieros,México,"47,999.00",871.00,"1,022.00","351,199.00","337,143.00","5,763",6.4,9333160052.,85
113,Adient México,Automotriz y autopartes,Irlanda,"47,353.10",n.d.,n.d.,n.d.,n.d.,n.d.,n.d.,ndndndndndndnd,-3
114,Caminos y Puentes Federales (Capufe),Servicios públicos,México,"47,277.00",n.d.,n.d.,n.d.,n.d.,n.d.,n.d.,ndndndndndndnd,-2
115,Viva Aerobus,Aerolíneas,México,"47,016.50","4,160.90","8,890.10","70,331.80","64,201.40","5,165",67.9,ndndndndndndnd,23
116,Viakable,Equipo eléctrico,México,"46,989.80",n.d.,"3,976.60","32,599.70",n.d.,"4,332",n.d.,ndndndndndndnd,5
117,Aleatica,Infraestructura,Australia,"46,381.00","25,187.00","39,636.00","341,136.00","124,766.00","1,778",11.6,52407228.63,88
118,Prolec,Equipo eléctrico,México,"46,295.70",n.d.,n.d.,n.d.,n.d.,"9,536",n.d.,ndndndndndndnd,16
119,Sanmina-SCI de México,Electrónica,Estados Unidos,"45,760.30",n.d.,n.d.,n.d.,n.d.,"17,000",n.d.,ndndndndndndnd,-19
120,Seguros Banorte,Seguros y fianzas,México,"45,382.00","6,913.10",977.80,"97,765.80","71,170.00",n.d.,26.0,ndndndndndndnd,13
121,The Home Depot México,Comercio especializado,Estados Unidos,"45,000.00",n.d.,n.d.,n.d.,n.d.,"18,000",n.d.,1022011218.238,-6
122,Totalplay,Telecomunicaciones,México,"44,530.40","(7,500.30)","3,844.00","84,120.00","85,465.00","5,183",557.6,ndnd09111.13,34
123,Traton Group de México,Armadora,Estados Unidos,"44,500.00",n.d.,n.d.,n.d.,n.d.,n.d.,n.d.,ndndndndndndnd,16
124,Bancomext,Servicios financieros,México,"44,016.20","(3,982.80)","(3,793.60)","631,610.60","587,293.70",592,(9.0),511937nanana49.,14
125,Jose Cuervo,Bebidas alcohólicas y tabaco,México,"43,961.50","3,962.40","7,764.70","112,370.60","45,575.50","8,893",5.9,ndndnd1616.322.7,-7
126,La Comer,Comercio autoservicio,México,"43,277.00","2,358.00","3,002.00","40,973.00","10,272.00","17,540",7.7,24150211011049.,54
127,Seguros Monterrey New York Life,Seguros y fianzas,Estados Unidos,"42,980.10","3,950.00","(1,695.20)","153,170.30","136,983.00",n.d.,24.4,ndndndndndndnd60.,32
128,Newmont Minera Peñasquito,Minería,Estados Unidos,"42,557.00",n.d.,n.d.,n.d.,n.d.,"2,665",n.d.,734313538.511.71,12
129,CICSA,Construcción,México,"42,505.00","2,778.00","5,181.00",n.d.,n.d.,n.d.,n.d.,ndndndndndndnd,-15
130,INTERprotección,Seguros y fianzas,México,"41,954.00",418.00,"1,366.00",n.d.,n.d.,"1,201",n.d.,1364611327.352,14
131,Bio Pappel,Papel y cartón,México,"41,904.00","1,774.00","3,412.00","66,516.00","29,967.00","13,496",4.9,41257228.628.9,-11
132,American Axle Manufacturing de México,Automotriz y autopartes,Estados Unidos,"41,229.70",n.d.,n.d.,"13,560.50",n.d.,"5,200",n.d.,ndndndndndndnd,-5
133,Mazda Motor de México,Armadora,Japón,"40,630.00",775.00,"1,258.00","6,866.00","8,336.00",,14851.8,ndndndnanana36.5,20
134,Nafin,Servicios financieros,México,"40,544.40","(6,536.80)","(10,274.80)","772,091.50","728,963.50",977,(15.2),471634nanana48.,71
135,Gentera,Servicios financieros,México,"40,232.00","6,462.00","9,223.00","106,851.00","73,324.00","27,101",19.3,76243214321.451.3,13
136,Pilgrim's Pride México,Alimentos y bebidas,Estados Unidos,"38,705.90",n.d.,"5,260.90",n.d.,n.d.,"11,000",n.d.,ndndndndndndnd,-4
137,Industrias CH,Siderurgia y metalurgia,México,"38,384.20","11,807.30","6,359.80","82,431.10","11,660.40","5,533",16.7,ndnd17400nd,-30
138,Grupo Herdez,Alimentos y bebidas,México,"37,425.00","3,348.00","5,280.00","40,203.00","22,063.00","12,509",18.5,22299222.245,-1
139,CPKC de México,Logística y transporte,Estados Unidos,"37,327.90",n.d.,n.d.,n.d.,n.d.,"3,234",n.d.,ndndndndndndnd,13
140,Holcim México,Cemento,Suiza,"36,999.00","6,073.00","9,948.00","40,075.00","23,965.00","5,815",37.7,36822524018,-4
141,Grupo Bafar,Alimentos y bebidas,México,"36,994.00","4,946.00","5,011.00","42,289.00","22,394.00","13,210",24.9,80016212.55,4
142,Smurfit Kappa México,Papel y cartón,Irlanda,"36,906.80",n.d.,n.d.,"30,904.40",n.d.,"4,200",n.d.,ndndndndndndnd,49
143,Bayer de México,Química farmacéutica,Alemania,"36,215.00","1,740.00","2,171.00","80,185.00","26,681.00","4,063",n.d.,4250512038.5,-12
144,Unilever de México,Productos de consumo,Países Bajos/Reino Unido,"35,500.00",n.d.,n.d.,n.d.,n.d.,"7,500",n.d.,106601066043,-4
145,MSC,Logística y transporte,Suiza,"35,200.00",n.d.,n.d.,n.d.,n.d.,n.d.,n.d.,ndndndndndndnd,4
146,Grupo Gigante,Holding,México,"35,180.00","1,715.00",n.d.,"54,846.00","27,543.00","26,425",6.3,40013215.452,-3
147,Banregio,Servicios financieros,México,"35,161.00","6,357.00","8,462.00","248,465.00","218,179.00","6,973",21.0,9516171516.74,60
148,Sempra,Infraestructura,Estados Unidos,"34,497.00",n.d.,n.d.,"479,279.00",n.d.,"2,090",n.d.,7114nanana32,-55
149,Fovissste,Servicios financieros,México,"34,103.30","6,936.70",n.d.,"287,650.10","280,716.50",,875100.0,ndndndnananand,-41
150,Sears México,Comercio departamental,México,"33,962.50",n.d.,n.d.,n.d.,n.d.,n.d.,n.d.,ndndndndndndnd,-9
151,Grupo Lamosa,Materiales y herramientas,México,"33,945.40",131.30,"4,522.30","47,145.30","28,989.70","10,829",0.7,2433314120018,-1
152,Grupo Simec,Siderurgia y metalurgia,México,"33,657.70","10,480.50","5,301.10","73,298.40","14,056.40","4,443",17.7,ndnd0500nd,-28
153,GAP (Grupo Aeroportuario del Pacífico),Servicios aeroportuarios,México,"33,614.40","8,875.40","15,050.60","81,653.10","57,031.30","3,454",36.0,ndnd4315536nd,-7
154,Grupo Industrial Maseca,Alimentos y bebidas,México,"33,159.00",n.d.,"2,804.50",n.d.,n.d.,n.d.,n.d.,ndndndndndndnd,-12
155,Megacable,Holding,México,"32,841.00","2,578.00","6,172.00","73,528.00","37,767.00","32,962",7.2,14171218.33,30
156,LyondellBasell de México,Química y petroquímica,Estados Unidos/Reino Unido,"32,205.80",n.d.,n.d.,"4,710.80",n.d.,n.d.,n.d.,ndndndndndndnd,1
157,Hyundai Motor de México,Armadora,Corea,"32,100.00",n.d.,n.d.,n.d.,n.d.,n.d.,n.d.,ndndndndndndnd,-3
158,Alpura,Alimentos y bebidas,México,"32,000.00",n.d.,n.d.,n.d.,n.d.,"11,014",n.d.,902226002,90
159,Casa de Bolsa Banorte,Servicios financieros,México,"31,998.00",480.00,556.00,"259,697.00","255,664.00",,41211.9,ndndndndndndnd,-3
160,MAPFRE México,Seguros y fianzas,España,"31,917.00",321.00,482.00,"65,056.00","61,116.00","1,414",8.1,71141022050.,45
161,Monex,Servicios financieros,México,"31,704.00","4,370.00","6,132.00","279,571.00","259,184.00","3,343",21.4,811384505,3
162,ASUR (Grupo Aeroportuario de Sureste),Servicios aeroportuarios,México,"31,332.80","14,030.40","17,519.80","83,636.80","22,024.10","1,936",22.8,ndnd012427.3nd,10
163,Seguros Inbursa,Seguros y fianzas,México,"30,846.00","5,188.00",582.00,"94,947.00","65,709.00",n.d.,17.7,ndndndndndndnd,3
164,Vista Energy,Petróleo y gas,México,"30,203.60","8,753.00","11,463.40","77,579.40","47,862.50",,54229.5,ndnd32611724,37
165,BorgWarner México,Automotriz y autopartes,Estados Unidos,"30,134.50",n.d.,n.d.,"7,733.20",n.d.,n.d.,n.d.,ndndndndndndnd,-14
166,Cooperativa La Cruz Azul,Cemento,México,"29,754.00",n.d.,n.d.,n.d.,n.d.,"2,000",n.d.,ndndndndndndnd,-7
167,PPG Comex,Química y petroquímica,Estados Unidos,"29,700.00",n.d.,n.d.,n.d.,n.d.,"7,500",n.d.,ndndndndndndnd,2
168,Grupo Danone México,Alimentos y bebidas,Francia,"29,630.00",470.00,"1,580.00","28,390.00","28,390.00","14,992",3.1,12181232516,-8
169,Traxión,Logística y transporte,México,"29,142.00",659.70,659.70,"34,598.00","20,412.00","21,514",4.7,3001532017.3,12
170,Grupo Autofin México,Holding,México,"29,013.00",977.00,"3,755.00","120,628.00","21,888.00","7,549",1.0,123253133.340,-2
171,Mars México,Alimentos y bebidas,Estados Unidos,"29,000.00",n.d.,n.d.,n.d.,n.d.,"5,600",n.d.,351131nanana36.,98
172,Fibra Uno,Servicios inmobiliarios,México,"28,325.00","10,007.00","21,296.00","354,844.00","167,065.00",,9745.3,8001218.332,-1
173,IDEAL,Infraestructura,México,"28,283.10","14,783.90","15,730.20","145,176.50","73,786.80","3,208",20.7,ndndnd17211.8nd,-6
174,Grupo Surman,Automotriz y autopartes,México,"28,263.00",n.d.,n.d.,n.d.,n.d.,"5,717",n.d.,12325512045.2,15
175,Maersk México,Logística y transporte,Dinamarca,"28,246.50",n.d.,n.d.,"11,448.60",n.d.,"1,700",n.d.,ndndndndndndnd,11
176,Invex Controladora,Servicios financieros,México,"28,175.00","1,476.00","1,733.00","175,665.00","165,794.00","1,172",15.0,547131616.341,14
177,Naturgy México,Petróleo y gas,España,"27,962.00","6,563.00","9,376.00","49,930.00","25,194.00",,72026.5,91910 11031.5,-16
178,BanCoppel,Servicios financieros,México,"27,686.00","2,558.00","3,724.00","169,222.00","149,900.00","16,800",13.2,942527ndndnd63.9,-1
179,Ingredion México,Agroindustria,Estados Unidos,"27,549.00",n.d.,n.d.,n.d.,n.d.,"2,012",n.d.,833811436.418,-16
180,Chubb Seguros México,Seguros y fianzas,Estados Unidos,"27,320.40",328.70,623.00,"53,307.20","47,337.70","2,382",5.5,ndndndndndndnd,3
181,Grupo Axo,Comercio departamental,México,"27,179.90",n.d.,n.d.,n.d.,n.d.,"11,000",n.d.,ndndndndndndnd,3
182,Grupo Vidanta,Hotelería y turismo,México,"27,030.00",n.d.,n.d.,n.d.,n.d.,"17,000",n.d.,ndndndndndndnd,-12
183,Industrias Martinrea de México,Automotriz y autopartes,Canadá,"26,554.20",n.d.,n.d.,"11,956.40",n.d.,"9,000",n.d.,ndndndndndndnd,-10
184,Organización Cultiba,Alimentos y bebidas,México,"26,537.00","1,103.00","2,408.00","16,104.00",27.00,n.d.,6.9,ndnd017422.230,-2
185,Philip Morris México,Bebidas alcohólicas y tabaco,Estados Unidos,"26,453.70",n.d.,n.d.,n.d.,n.d.,"2,500",n.d.,ndndndndndndnd,10
186,Plastic Omnium México,Automotriz y autopartes,Francia,"26,450.20",n.d.,n.d.,"4,930.80",n.d.,"4,211",n.d.,ndndndndndndnd,-8
187,Grupo AlEn,Productos de consumo,México,"26,250.00",n.d.,n.d.,n.d.,n.d.,"6,000",n.d.,ndndndndndndnd,n.d.
188,Xignux Alimentos,Alimentos y bebidas,México,"26,242.00",n.d.,n.d.,n.d.,n.d.,"17,420",n.d.,ndndndndndndnd,-12
189,Rassini,Automotriz y autopartes,México,"26,010.00",n.d.,n.d.,n.d.,n.d.,"6,400",n.d.,ndndndndndndnd,-15
190,Telefónica Movistar México,Telecomunicaciones,España,"25,818.00",n.d.,n.d.,n.d.,n.d.,"1,603",n.d.,6219319444.438.4,-15
191,Allianz México,Seguros y fianzas,Alemania,"25,374.40",679.40,"(9,166.70)","90,534.10","85,783.50",n.d.,14.3,ndndndndndndnd,8
192,Seguros Atlas,Seguros y fianzas,México,"25,199.10","1,336.80","(1,254.70)","43,524.50","35,137.70","1,500",15.9,ndndndndndndnd,6
193,Grupo,Cemento,México,"25,051.20","5,972.90","7,117.20","55,117.80","19,319.10","3,254",16.7,ndnd1114314nd,-6
194,Linde México,Química y petroquímica,Reino Unido,"24,672.20",n.d.,n.d.,n.d.,n.d.,"3,000",n.d.,ndndndndndndnd,-1
195,Office Depot,Comercio especializado,México/Estados Unidos,"24,659.00",n.d.,n.d.,n.d.,n.d.,"10,460",n.d.,911130042,-10
196,Siemens México,Tecnología diversificada,Alemania,"24,000.00",n.d.,n.d.,n.d.,n.d.,"6,200",n.d.,ndndndndndndnd,7
197,Brookfield Business Partners México,Servicios financieros,Canadá,"23,920.70",n.d.,n.d.,"54,916.70",n.d.,n.d.,n.d.,ndndndndndndnd,3
198,Cinemex,Entretenimiento,México,"23,500.00",n.d.,n.d.,n.d.,n.d.,n.d.,n.d.,ndndndndndndnd,-10
199,Bank of America México,Servicios financieros,Estados Unidos,"23,097.00","2,999.00","3,876.00","153,658.00","131,767.00",,38513.7,431842ndndnd44.9,39
200,Grupo Jumex,Alimentos y bebidas,México,"23,000.00",n.d.,n.d.,n.d.,n.d.,n.d.,n.d.,ndndndndndndnd,-6
201,Tiendas Neto,Comercio autoservicio,México,"23,000.00",n.d.,n.d.,n.d.,n.d.,"12,000",n.d.,ndndndndndndnd,3
202,Dow,Química y petroquímica,Estados Unidos,"22,838.40",n.d.,n.d.,n.d.,n.d.,240,n.d.,ndndndnanana41.3,-10
203,Grupo Indi,Construcción,México,"22,165.50",n.d.,n.d.,n.d.,n.d.,"2,000",n.d.,ndndndndndndnd,20
204,Bepensa,Alimentos y bebidas,México,"21,686.60","1,098.70","2,167.50","14,268.80","8,831.40","10,884",20.2,ndnd0300nd,4
205,Zurich Santander Seguros México,Seguros y fianzas,Suiza/España,"21,640.80","3,887.10","1,768.00","41,080.30","36,242.90",,33280.4,ndndndndndndnd,-9
206,Grupo Industrial Saltillo,Automotriz y autopartes,México,"20,994.00",(13.00),547.00,"25,092.00","13,522.00","5,900",(0.1),80014214.324,16
207,Henkel México,Productos de consumo,Alemania,"20,598.00",n.d.,n.d.,n.d.,n.d.,"3,412",n.d.,114366233.341.,55
208,Peña Verde,Seguros y fianzas,México,"20,560.70","1,266.30",58.70,"44,062.60","38,585.10",,97423.1,ndnd01011051,28
209,Torex Gold,Minería,Canadá,"20,447.10","2,467.20","8,582.10","39,222.50",n.d.,"1,200",n.d.,ndndndndndndnd,36
210,Grupo Hermes,Holding,México,"20,177.00","2,049.00","3,649.00","32,198.00","24,872.00","5,402",26.9,214198112.524,-13
211,Essity México,Productos de consumo,Suecia,"20,070.00",n.d.,n.d.,n.d.,n.d.,"4,068",n.d.,62336233.337,-1
212,Ishop & Mixup,Comercio especializado,México,"20,025.40",n.d.,n.d.,n.d.,n.d.,"3,000",n.d.,ndndndndndndnd,-5
213,Corporación Moctezuma,Cemento,Italia/España,"19,797.30","6,521.40","8,098.60","18,868.20","3,487.90","1,347",42.4,ndnd131616.313.5,-7
214,Actinver,Servicios financieros,México,"19,681.00","1,404.00","1,927.00","146,437.00","136,705.00","2,306",14.4,1022021004,82
215,Crown Cork,Vidrio y envases,Estados Unidos,"19,608.00",n.d.,n.d.,"33,218.40",n.d.,"2,337",n.d.,600nanana10,-13
216,Grupo Financiero B×+,Servicios financieros,México,"19,487.00","1,153.00","1,356.00","120,551.00","109,845.00","1,093",10.8,9002213.351,-3
217,Grupo Pinsa,Alimentos y bebidas,México,"19,391.00",n.d.,n.d.,n.d.,n.d.,"7,880",n.d.,512063504,22
218,Grupo Financiero BASE,Servicios financieros,México,"19,369.00","2,044.00","2,843.00","145,365.00","137,916.00","1,242",27.4,1332370046,17
219,Grupo Financiero Mifel,Servicios financieros,México,"19,160.00","2,733.00","3,394.00","144,976.00","131,288.00","1,732",20.0,1163429130047.2,13
220,Banjército,Servicios financieros,México,"19,119.70","4,122.10","5,348.80","239,180.70","184,745.30","2,076",7.6,nanananananand,-58
221,L'Oréal Groupe,Cuidado personal,Francia,"19,022.70",n.d.,n.d.,n.d.,n.d.,"2,044",n.d.,ndndndndndndnd,-6
222,Aeropuerto Internacional de la CDMX,Servicios aeroportuarios,México,"18,828.70","4,794.30","13,893.90","18,042.20","4,148.30","1,265",n.d.,ndndndndndndnd,-11
223,Genomma Lab Internacional,Productos de consumo,México,"18,606.90","1,493.10","3,922.50","23,017.80","12,132.90","1,605",13.7,ndnd3212216.746.,88
224,Pinfra,Infraestructura,México,"18,603.80","10,779.50","10,930.20","83,538.70","18,148.80","3,337",16.5,ndnd13811127.5,23
225,Grupo Kaltex,Textil y confección,México,"18,530.00",n.d.,n.d.,n.d.,n.d.,n.d.,n.d.,ndndndndndndnd,0
226,Boehringer Ingelheim,Química farmacéutica,Alemania,"18,492.00",n.d.,n.d.,n.d.,n.d.,"1,663",n.d.,1143611436.445.3,22
227,Grupo GP,Construcción,México,"18,468.00",n.d.,n.d.,n.d.,n.d.,"6,042",n.d.,15533nanana12,-1
228,Banco del Bienestar,Servicios financieros,México,"18,398.00",44.00,173.00,"145,527.00","122,657.00","8,820",0.2,nananananana63.,62
229,La Moderna,Alimentos y bebidas,México,"18,169.40",n.d.,n.d.,n.d.,n.d.,"6,000",n.d.,ndndndndndndnd,-1
230,ENGIE México,Petróleo y gas,Francia,"18,130.00",97.00,"4,789.00","44,563.00","44,563.00","1,639",0.3,116551055040.8,-12
231,Coconal,Construcción,México,"17,706.00","3,872.00","4,666.00","30,270.00","22,209.00","3,326",48.0,6007114.328,-11
232,Elementia Materiales,Cemento,México,"17,654.50",156.20,"1,370.80","19,635.50","10,323.00","5,121",1.7,ndnd3370021,-3
233,Farmacias Benavides,Comercio de medicamentos,México,"17,646.50",131.00,822.70,"8,350.30","7,782.80","7,879",23.1,845070072,-9
234,Conservas La Costeña,Alimentos y bebidas,México,"17,597.00",n.d.,n.d.,n.d.,n.d.,"4,300",n.d.,8113150040,-7
235,Lotería Nacional,Juegos y sorteos,México,"17,500.00",n.d.,n.d.,n.d.,n.d.,n.d.,n.d.,ndndndndndndnd,-2
236,Braskem Idesa,Química y petroquímica,Brasil,"17,338.70","(11,325.80)","(1,724.80)","76,446.10","71,757.80",922,(241.6),ndndndndndndnd,8
237,Sociedad Hipotecaria Federal,Servicios financieros,México,"17,206.00","2,348.20","2,053.40","134,486.50","100,246.70",,4206.9,nanananananand,-32
238,Grupo Financiero Multiva,Servicios financieros,México,"17,154.00",942.00,"1,109.00","132,358.00","122,880.00",,9839.9,185181090044.1,-21
239,Nexteer Automotive México,Automotriz y autopartes,Estados Unidos,"17,072.50",n.d.,n.d.,"8,357.20",n.d.,"2,747",n.d.,ndndndndndndnd,0
240,HSBC Seguros,Seguros y fianzas,Reino Unido,"17,020.20",933.00,"(1,071.90)","31,714.50","28,973.50",n.d.,34.0,ndndndndndndnd,89
241,Absormex CMPC Tissue,Productos de consumo,Chile,"16,893.90",n.d.,n.d.,n.d.,n.d.,"4,460",n.d.,ndndnd8337.530.,58
242,NR Finance México,Servicios financieros,México,"16,827.00","3,501.00","4,332.00","121,541.00","84,651.00",,7009.5,ndndnd1200nd,18
243,Coca-Cola México,Bebidas y cervezas,Estados Unidos,"16,800.00",n.d.,n.d.,n.d.,n.d.,400,n.d.,ndndndndndndnd,9
244,Inmobiliaria RUBA,Inmobiliario,México,"16,753.00","1,724.00","2,397.00","23,854.00","10,200.00","1,671",12.6,1321513323.145,10
245,Emerson Electric de México,Electrónica,Estados Unidos,"16,745.30",n.d.,n.d.,n.d.,n.d.,n.d.,n.d.,ndndndndndndnd,-11
246,Pensiones Banorte,Seguros y fianzas,México,"16,606.10","2,827.10","(18,345.40)","275,717.30","265,746.80",n.d.,28.4,ndndndndndndnd,-5
247,Sistemas Automotrices de México,Automotriz y autopartes,México/Estados Unidos,"16,576.00",678.00,"1,161.00","9,796.00","9,796.00",,11417.0,8113822529,n.d.
248,ALPLA México,Química y petroquímica,Austria,"16,549.00",n.d.,n.d.,n.d.,n.d.,"3,019",n.d.,500nanana26.5,-6
249,3M México,Tecnología diversificada,Estados Unidos,"16,289.30",n.d.,n.d.,n.d.,n.d.,"10,500",n.d.,ndndndndndndnd,-12
250,Reaseguradora Patria,Seguros y fianzas,México,"16,271.70","1,003.80",104.70,"36,020.30","32,672.20",,15030.0,ndndndndndndnd,27
251,Grupo Cuprum,Siderurgia y metalurgia,México,"16,174.00",(355.00),"2,399.00","14,502.00","10,723.00","6,506",(9.4),120010026,-5
252,Grupo México,Infraestructura,México,"16,067.00","4,158.00","6,608.00",n.d.,n.d.,"2,766",n.d.,201550021,23
253,Circle K México,Comercio autoservicio,Estados Unidos,"15,898.90",250.00,677.80,"7,409.30","5,689.20","1,353",14.5,ndndnd1119.1nd,15
254,Red de Carreteras de Occidente (RCO),Infraestructura,México,"15,850.00","4,789.00","11,035.00","64,755.00","55,546.00","1,542",52.0,92229111.145.5,-3
255,ABB México,Tecnología diversificada,Suiza/Suecia,"15,500.00",n.d.,n.d.,n.d.,n.d.,n.d.,n.d.,ndndndndndndnd,-2
256,Cooper-Standard Automotive de México,Automotriz y autopartes,Estados Unidos,"15,428.80",n.d.,n.d.,"2,236.60",n.d.,n.d.,n.d.,ndndndndndndnd,11
257,Laureate Education México,Servicios educativos,Estados Unidos,"15,419.20",n.d.,n.d.,"20,952.20",n.d.,"17,000",n.d.,ndndndndndndnd,8
258,Grupo Peñafiel,Alimentos y bebidas,Estados Unidos,"15,374.20",n.d.,n.d.,n.d.,n.d.,"5,300",n.d.,ndndndndndndnd,-2
259,Sky,Telecomunicaciones,México/Estados Unidos,"15,337.30",(93.70),"4,672.30","28,286.70","19,508.80","2,400",n.d.,ndndndndndndnd,-38
260,Grupo Acerero,Siderurgia y metalurgia,México,"15,212.00",148.10,910.10,"17,181.00","11,819.00","2,282",2.8,ndnd14ndnd017,n.d.
261,Cydsa,Química y petroquímica,México,"15,039.00",503.80,"2,570.60","34,335.40","19,896.40","2,128",3.5,ndnd016318.825.8,-2
262,Daimler Truck México,Armadora,Alemania,"15,000.00",n.d.,n.d.,n.d.,n.d.,"10,810",n.d.,185287457.112.,94
263,Natura México,Cuidado personal,Brasil,"15,000.00",n.d.,n.d.,n.d.,n.d.,n.d.,n.d.,ndndndndndndnd,24
264,Caja Popular Mexicana,Servicios financieros,México,"14,995.00","1,948.00","1,991.00","109,618.00","93,203.00","7,764",11.9,2302215853.350.,95
265,Volkswagen Financial Services,Servicios financieros,Alemania,"14,854.40",n.d.,n.d.,n.d.,n.d.,n.d.,n.d.,ndndndndndndnd,28
266,Bridgestone de México,Automotriz y autopartes,Japón,"14,800.00",n.d.,n.d.,n.d.,n.d.,"1,400",n.d.,ndndndndndndnd,-8
267,Empresas Cablevisión,Telecomunicaciones,México,"14,628.10",(400.90),(162.00),"28,286.70","8,777.90","5,450",(2.1),ndnd01100nd,-17
268,CIBanco,Servicios financieros,México,"14,511.00",634.00,"1,117.00","146,622.00","140,920.00","3,305",11.1,10019191516.652,20
269,Gestamp,Automotriz y autopartes,España,"14,329.50",n.d.,n.d.,n.d.,n.d.,"3,411",n.d.,ndndndndndndnd,-14
270,Superior Industries de México,Automotriz y autopartes,Estados Unidos,"14,300.70",n.d.,n.d.,"3,165.10",n.d.,"2,600",n.d.,ndndndndndndnd,-8
271,Grupo Omega,Construcción,México,"14,200.00",n.d.,n.d.,n.d.,n.d.,n.d.,n.d.,ndndndndndndnd,-10
272,Banco Sabadell México,Servicios financieros,España,"14,178.00","1,117.00","1,226.00","143,715.00","126,936.00",,4506.7,491633ndndnd38.,12
273,Betterware de México,Comercio especializado,México,"14,100.80",711.50,"1,686.20","10,466.40","9,303.70","2,334",61.2,ndndnd11218.2nd,0
274,First Cash,Servicios financieros,Estados Unidos,"14,011.50",n.d.,n.d.,n.d.,n.d.,"10,500",n.d.,ndndndndndndnd,-4
275,J.P. Morgan Grupo Financiero,Servicios financieros,Estados Unidos,"14,009.00","4,522.00","5,539.00","223,968.00","190,098.00",,49113.4,421536ndndnd48.3,-4
276,British American Tobacco México,Bebidas alcohólicas y tabaco,Reino Unido,"14,000.00",n.d.,n.d.,n.d.,n.d.,"2,500",n.d.,ndndndndndndnd,-4
277,GM Financial de México,Servicios financieros,Estados Unidos,"13,871.00","2,122.00","3,157.00","89,986.00","76,557.00",,46215.8,ndndndndndndnd,17
278,Zurich México,Seguros y fianzas,Suiza,"13,853.00",235.00,384.00,"20,427.00","18,402.00","1,057",11.6,14642524048.1,18
279,Grupo Accel,Logística y transporte,México,"13,589.30",532.30,974.40,"15,541.20","8,508.20","5,179",7.6,ndndnd10220nd,-1
280,Chirey,Armadora,China,"13,500.00",n.d.,n.d.,n.d.,n.d.,n.d.,n.d.,ndndndndndndnd,-71
281,Diconsa,Comercio autoservicio,México,"13,406.80",873.80,"(1,094.70)","6,335.20","4,676.60","4,100",52.7,ndndndndndndnd,-18
282,Operadora de Sites Mexicanos,Telecomunicaciones,México,"13,195.10",857.90,"5,640.10","106,612.70","60,911.40",,2901.9,ndnd0600nd,3
283,Whirlpool México,Electrónica de consumo,Estados Unidos,"13,000.00",n.d.,n.d.,n.d.,n.d.,"10,327",n.d.,2162920041.8,-2
284,Suzuki Motor de México,Armadora,Japón,"13,000.00",n.d.,n.d.,n.d.,n.d.,n.d.,n.d.,ndndndndndndnd,18
285,Kellanova,Alimentos y bebidas,Estados Unidos,"12,915.00",n.d.,n.d.,n.d.,n.d.,"2,300",n.d.,ndndndndndndnd,-6
286,HDI Seguros,Seguros y fianzas,Alemania,"12,905.00",459.00,645.00,"23,267.00","20,730.00","1,842",18.1,5001218.352.,36
287,TPI Composites México,Tecnología diversificada,Estados Unidos,"12,771.60",n.d.,"(1,763.60)","2,813.10",n.d.,"7,400",n.d.,ndndndndndndnd,27
288,Waldo’s Dólar Mart de México,Comercio autoservicio,México,"12,756.00",n.d.,n.d.,n.d.,n.d.,"10,574",n.d.,811350057.6,10
289,"Grupo TAFER & Villagroup, Hotels & Resorts",Hotelería y turismo,México,"12,662.00",n.d.,n.d.,n.d.,n.d.,"6,985",n.d.,62336233.341.8,-3
290,AstraZeneca,Química farmacéutica,Reino Unido/Suecia,"12,413.00",n.d.,n.d.,n.d.,n.d.,"2,094",n.d.,1442914428.646,64
291,Intercam Grupo Financiero,Servicios financieros,México,"12,384.00","3,020.00","4,248.00","141,338.00","129,321.00","3,208",25.1,71141516.652,-2
292,GMX Seguros,Seguros y fianzas,México,"12,286.60","1,155.80",360.40,"26,458.90","20,805.20",,40020.4,ndndndndndndnd,-16
293,Productos Roche,Química farmacéutica,Suiza,"12,207.00",476.00,154.00,"11,906.00","6,688.00",,6059.1,ndndndnanana51,17
294,Kentucky Fried Chicken (KFC),Restaurantes,Estados Unidos,"12,200.00",n.d.,n.d.,n.d.,n.d.,n.d.,n.d.,ndndndndndndnd,1
295,Nu México,Servicios financieros,Brasil,"12,086.00","1,991.00","3,013.00","102,775.00","93,874.00","1,160",22.4,52408225411,10
296,TV Azteca,Medios de comunicación,México,"12,000.00",n.d.,n.d.,n.d.,n.d.,"1,500",n.d.,ndndndndndndnd,-39
297,Despegar,Comercio electrónico,Argentina,"12,000.00",n.d.,n.d.,n.d.,n.d.,n.d.,n.d.,ndndndndndndnd,-15
298,JAC,Armadora,China,"12,000.00",n.d.,n.d.,n.d.,n.d.,n.d.,n.d.,ndndndndndndnd,26
299,Ferrero de México,Dulces y confitería,Italia,"11,931.00","1,127.00","1,235.00","8,170.00","4,258.00","2,588",28.7,14429512043.,59
300,Sanofi,Química farmacéutica,Francia,"11,897.00",n.d.,n.d.,n.d.,n.d.,"1,335",n.d.,5240524048,-10
301,BBVA Pensiones México,Seguros y fianzas,España,"11,798.00","1,474.00","(13,014.00)","183,593.00","176,104.00",n.d.,19.7,ndndndndndndnd,-37
302,Autotransportes de Carga Tresguerras,Logística y transporte,México,"11,689.00","2,258.00","2,636.00","12,205.00","5,375.00","9,817",24.3,81139000.2,18
303,TC Energía,Electricidad y energía,Canadá,"11,623.20",n.d.,"3,778.10","213,693.20",n.d.,739,n.d.,ndndndndndndnd,-4
304,SAP México,Computación y servicios,Alemania,"11,566.00",n.d.,n.d.,n.d.,n.d.,"1,300",n.d.,331236nanana30.7,15
305,Axtel,Telecomunicaciones,México,"11,556.50",(691.20),"1,334.30","17,236.20","14,885.60","3,831",(29.4),ndnd23110026.3,-2
306,BMW de México,Armadora,Alemania,"11,500.00",n.d.,n.d.,n.d.,n.d.,"3,800",n.d.,ndndndndndndnd,-9
307,Finamex Casa de Bolsa,Servicios financieros,México,"11,451.00",151.00,193.00,"139,200.00","137,282.00",,2567.9,ndndndndndndnd,26
308,Christus Muguerza,Servicios de salud,México,"11,429.00",521.00,936.00,"13,008.00","6,072.00","8,853",7.5,146429222.269,14
309,Rotoplas,Materiales y herramientas,México,"11,200.70",53.50,668.60,"14,952.20","8,242.20","3,502",0.8,7912151521325,-29
310,Herbalife Internacional de México,Productos de consumo,Estados Unidos,"11,149.00",245.00,352.00,"4,355.00","2,736.00","1,885",15.1,1221711436.45,11
311,Interceramic,Materiales y herramientas,México,"11,130.00",(429.00),"1,482.00","14,149.00","15,648.00","5,240",28.6,0009333.370,-27
312,Fonacot,Servicios financieros,México,"11,117.30","3,812.70","3,812.70","58,164.60","28,208.70","1,439",12.7,nanananananand,31
313,Grupo Collado,Siderurgia y metalurgia,México,"11,000.10",(68.70),378.20,"8,025.50","5,440.20","3,762",(2.7),ndnd0200nd,-22
314,Grupomar,Alimentos y bebidas,México,"11,000.00",n.d.,n.d.,n.d.,n.d.,"3,200",n.d.,ndndndndndndnd,12
315,Hermes,Infraestructura,México,"10,880.00","2,055.00","1,541.00","19,250.00","14,010.00","4,598",30.2,811340015,n.d.
316,Cargill,Agroindustria,Estados Unidos,"10,800.00",n.d.,n.d.,n.d.,n.d.,"2,000",n.d.,ndndndndndndnd,-33
317,Grupo Posadas,Hotelería y turismo,México,"10,645.00",(158.70),"1,149.30","22,890.20","18,656.10","16,929",(3.7),ndnd01218.3nd,-4
318,Grupo OMNILIFE-SEYTÚ,Productos de consumo,México,"10,644.00",902.00,922.00,"6,983.00","4,069.00","1,975",31.0,12325425042,-9
319,Novartis México,Química farmacéutica,Suiza,"10,580.00",(17.00),393.00,"5,836.00","5,211.00","1,443",(2.7),2913451033053,26
320,Mitsubishi Motors de México,Armadora,Japón,"10,549.00",n.d.,n.d.,n.d.,n.d.,n.d.,n.d.,ndndndndndndnd,30
321,Pfizer México,Química farmacéutica,Estados Unidos,"10,501.00",(144.00),150.00,"12,733.00","10,351.00","1,080",(6.0),371746nanana51.9,-3
322,Canel's,Dulces y confitería,México,"10,500.00",n.d.,n.d.,n.d.,n.d.,"2,700",n.d.,ndndndndndndnd,-15
323,Penske México,Logística y transporte,Estados Unidos,"10,500.00",n.d.,n.d.,n.d.,n.d.,n.d.,n.d.,ndndndndndndnd,-8
324,Diageo México,Bebidas alcohólicas y tabaco,Reino Unido,"10,500.00",n.d.,n.d.,n.d.,n.d.,"3,000",n.d.,ndndnd1070.751,-7
325,Servicio PanAmericano de Proteccion,Servicios de seguridad,Estados Unidos,"10,500.00",n.d.,n.d.,n.d.,n.d.,"10,500",n.d.,ndndndndndndnd,0
326,Brembo México,Automotriz y autopartes,Italia,"10,479.10",n.d.,212.80,n.d.,n.d.,"1,832",n.d.,ndndndndndndnd,-25
327,Minera Frisco,Minería,México,"10,458.60",(862.60),"2,133.30","32,895.30","24,451.30","3,142",(10.2),ndnd01000nd,17
328,Cetelem,Servicios financieros,Francia,"10,454.00",943.00,"1,266.00","55,793.00","47,329.00",,80011.1,ndndndndndndnd,11
329,Renault México,Armadora,Francia,"10,313.00",175.00,245.00,"3,527.00","2,237.00",,8313.6,845084505,3
330,Ryder Capital,Logística y transporte,Estados Unidos,"10,204.00",n.d.,n.d.,"5,401.00",n.d.,"5,069",n.d.,12217nanana3,76
331,Profuturo Pensiones,Seguros y fianzas,México,"10,175.30",965.10,n.d.,"122,267.00","119,257.90",,22632.1,ndndndndndndnd,34
332,Corporación First Majestic,Minería,Canadá,"10,113.10",n.d.,"1,836.70","21,746.50","4,584.90","3,818",n.d.,ndndndndndndnd,2
333,Dulces de la Rosa,Dulces y confitería,México,"10,000.00",n.d.,n.d.,n.d.,n.d.,"3,300",n.d.,ndndndndndndnd,-17
334,American Tower México,Telecomunicaciones,Estados Unidos,"9,988.00",n.d.,n.d.,"15,747.30",n.d.,n.d.,n.d.,ndndndndndndnd,-30
335,Tupy México,Automotriz y autopartes,Brasil,"9,901.10",n.d.,n.d.,"4,263.00",n.d.,"3,600",n.d.,ndndndndndndnd,-12
336,The Chemours Company Mexico,Química y petroquímica,Estados Unidos,"9,778.00",n.d.,n.d.,n.d.,n.d.,550,n.d.,ndndndndndndnd,-24
337,Javer,Construcción,México,"9,595.90",766.90,"1,572.80","9,810.20","6,281.60","1,591",21.7,ndnd010110nd,5
338,Fábrica de Papel San Francisco,Papel y cartón,México,"9,530.00",n.d.,n.d.,n.d.,n.d.,"2,032",n.d.,10007228.64,-17
339,Global HITSS,Computación y servicios,México,"9,295.00",351.00,667.00,"4,045.00","2,038.00","12,530",17.5,2841480029,12
340,Plexus Electronica,Electrónica,Estados Unidos,"9,274.50",n.d.,n.d.,"1,396.40",n.d.,"2,850",n.d.,ndndndndndndnd,-13
341,Grupo Profuturo,Servicios financieros,México,"9,161.60","3,379.40","4,309.40","138,151.90","125,074.60","4,518",25.8,222980064,20
342,Altán Redes,Telecomunicaciones,México,"9,151.80",n.d.,n.d.,n.d.,n.d.,n.d.,n.d.,ndndndndndndnd,54
343,Concesionaria Mexiquense,Servicios públicos,Australia,"9,138.00",n.d.,n.d.,n.d.,n.d.,871,n.d.,ndndnd700nd,10
344,OMA (Grupo Aeroportuario del Centro Norte),Servicios aeroportuarios,México,"9,137.00","4,936.20","8,083.20","27,233.10","16,688.80","1,159",46.8,ndnd1711327nd,-3
345,Constructora y Edificadora GIA+A,Construcción,México,"9,054.00",52.00,908.00,"25,001.00","22,341.00","2,216",2.0,161680032,11
346,Ruhrpumpen,Maquinaria y equipo,México,"9,000.00",n.d.,n.d.,n.d.,n.d.,"3,500",n.d.,ndndndndndndnd,0
347,Grupo Minsa,Alimentos y bebidas,México,"8,903.90",336.70,730.80,"12,259.70","9,726.10","1,980",13.3,ndnd01815.6nd,-10
348,Sandvik Mexicana,Materiales y herramientas,Suecia,"8,900.90",n.d.,n.d.,n.d.,n.d.,n.d.,n.d.,ndndndndndndnd,1
349,Ericsson,Telecomunicaciones,Suecia,"8,820.00",n.d.,n.d.,n.d.,n.d.,"3,000",n.d.,ndndndndndndnd,-9
350,Grupo HYCSA,Construcción,México,"8,671.80",567.60,942.00,"8,915.80","6,483.00","3,249",23.3,ndnd05120nd,18
351,Molymex,Siderurgia y metalurgia,Chile,"8,534.00",n.d.,n.d.,"4,128.80","2,463.70",150,n.d.,ndndndndndndnd,-16
352,AES México,Electricidad y energía,Estados Unidos,"8,468.50",n.d.,n.d.,n.d.,n.d.,215,n.d.,ndndndndndndnd,-22
353,Inmuebles Carso,Inmobiliario,México,"8,464.10","5,283.00","5,864.70","98,568.90","18,532.30","1,066",6.6,ndndndndndndnd,-6
354,Fibra Prologis,Servicios inmobiliarios,México,"8,432.20","23,981.80","5,486.40","192,798.80","48,348.60",n.d.,16.6,ndndnd11327.347,56
355,Toyota Financial Services México,Servicios financieros,Japón,"8,419.80","1,638.70","2,213.10","54,918.90","47,986.90",,10023.6,ndndndndndndnd,17
356,Grupo Pochteca,Química y petroquímica,México,"8,413.30",(240.60),88.50,"5,782.20","4,844.20","1,761",(25.6),ndnd181132739.1,-8
357,Mattel,Juguetes,Estados Unidos,"8,403.60",n.d.,n.d.,n.d.,n.d.,300,n.d.,ndndndndndndnd,-19
358,Playa Hotels & Resorts México,Hotelería y turismo,Países Bajos,"8,394.50",n.d.,n.d.,n.d.,n.d.,"5,900",n.d.,ndndndndndndnd,-6
359,Grupo Restaurantero Gigante,Restaurantes,México,"8,347.10",n.d.,n.d.,n.d.,n.d.,"11,097",n.d.,911130053.,54
360,Grupo Caliente,Juegos y sorteos,México,"8,300.00",n.d.,n.d.,n.d.,n.d.,n.d.,n.d.,ndndndndndndnd,10
361,Compusoluciones y Asociados,Computación y servicios,México,"8,224.00",261.00,209.00,"3,469.00","1,765.00",,59415.3,43758112.553,15
362,Arcos Dorados México,Restaurantes,Argentina,"8,200.60",n.d.,n.d.,n.d.,n.d.,n.d.,n.d.,ndndndndndndnd,11
363,Techint,Construcción,Italia/Argentina,"7,985.00",n.d.,n.d.,n.d.,n.d.,"3,808",n.d.,1119111928.2,-57
364,Reckitt,Productos de consumo,Reino Unido,"7,875.00",n.d.,n.d.,n.d.,n.d.,"15,000",n.d.,ndndndndndndnd,n.d.
365,RLH Properties,Hotelería y turismo,México,"7,752.00",568.00,770.00,"37,090.00","22,926.00","4,514",4.0,600120036.9,-3
366,Bansí,Servicios financieros,México,"7,707.00","1,363.00","1,830.00","61,459.00","54,403.00",,42519.3,22523130049.7,15
367,Finsa,Servicios inmobiliarios,México,"7,686.00",687.00,896.00,"8,640.00","4,514.00",,55716.5,73439111.12,90
368,Agroasemex,Seguros y fianzas,México,"7,668.90",536.50,"(1,176.90)","31,935.50","24,794.60",n.d.,7.5,nanananananand,-63
369,Pueblo Bonito Golf & Spa Resorts y Quivira Los Cabos,Hotelería y turismo,México,"7,604.00",913.00,"1,521.00","38,107.00","17,401.00","5,480",4.4,611750038.,89
370,Caffenio,Alimentos y bebidas,México,"7,601.00",98.00,680.00,"8,369.00","6,489.00","5,202",5.4,722911194,7
371,Seguros Afirme,Seguros y fianzas,México,"7,556.00",137.00,(536.00),"13,090.00","11,818.00",,96910.8,14429140048.6,-16
372,Monex Casa de Bolsa,Servicios financieros,México,"7,519.00",495.00,704.00,"88,617.00","87,620.00",,14449.6,8113845041,-6
373,Greenbrier México,Maquinaria y equipo,Estados Unidos,"7,500.00",n.d.,n.d.,n.d.,n.d.,n.d.,n.d.,ndndndndndndnd,-4
374,Novo Nordisk México,Química farmacéutica,Dinamarca,"7,471.60",160.80,298.50,"6,607.60","5,417.10",,43913.5,103301033060,40
375,Daimler Truck Financial Services,Servicios financieros,Alemania,"7,455.10",663.60,888.70,"21,972.70","21,064.80",n.d.,73.1,ndndnd6350nd,n.d.
376,Grupo Alerta,Holding,México,"7,311.00",n.d.,n.d.,n.d.,n.d.,"3,817",n.d.,134317342.92,73
377,The Andersons México,Agroindustria,Estados Unidos,"7,188.00",n.d.,n.d.,n.d.,n.d.,n.d.,n.d.,ndndndndndndnd,-46
378,Pan American Silver Corp.,Minería,Canadá,"7,150.50",n.d.,"(1,229.90)","12,174.80","4,074.80","2,720",n.d.,ndndndndndndnd,-3
379,Consorcio ARA,Inmobiliario,México,"7,118.50",687.30,742.70,"24,384.90","8,829.00","6,300",4.4,ndnd2917317.63,71
380,Vector Casa de Bolsa,Servicios financieros,México,"7,076.00",(123.00),(152.00),"43,716.00","41,921.00",853,(6.9),9111120045,-23
381,Promotora Ambiental,Servicios públicos,México,"7,066.70",260.30,660.10,"8,014.00","4,845.80","6,899",8.2,ndnd2014214.3nd,2
382,TP,Servicios profesionales,Francia,"7,023.00",n.d.,n.d.,n.d.,n.d.,"21,781",n.d.,92221475044.,26
383,Axalta Coating Systems México,Química y petroquímica,Estados Unidos,"7,000.60",n.d.,n.d.,"1,079.60",n.d.,"1,000",n.d.,ndndndndndndnd,10
384,Organon,Química farmacéutica,Estados Unidos,"7,000.00",n.d.,n.d.,n.d.,n.d.,650,n.d.,ndndndndndndnd,-2
385,Coeur Mining Mexicana,Minería,Estados Unidos,"6,948.20","1,332.50","2,291.70","4,896.70",n.d.,869,n.d.,ndndndndndndnd,26
386,Intercam Casa de Bolsa,Servicios financieros,México,"6,896.00",99.00,134.00,"58,851.00","58,083.00",,16712.9,ndndndndndndnd,16
387,Farmacéuticos Maypo,Química farmacéutica,México,"6,864.00",n.d.,n.d.,n.d.,n.d.,"1,234",n.d.,41257114.34,2
388,PwC México,Servicios profesionales,Reino Unido,"6,850.00",n.d.,n.d.,n.d.,n.d.,"4,092",n.d.,4125nanana44,13
389,Grupo Consupago,Servicios financieros,México,"6,815.00",540.00,"1,124.00","31,842.00","25,643.00","3,600",8.7,51208112.546,34
390,Liconsa,Comercio autoservicio,México,"6,811.60",n.d.,n.d.,n.d.,n.d.,n.d.,n.d.,ndndndndndndnd,7
391,AIG Seguros México,Seguros y fianzas,Estados Unidos,"6,779.40",741.40,298.30,"9,815.70","6,947.70",n.d.,25.9,ndndndndndndnd,-33
392,Fibra Danhos,Servicios inmobiliarios,México,"6,774.60","4,443.00","4,405.00","75,628.30","11,797.80",,3727.0,ndnd4211218.240.,96
393,Super del Norte,Comercio autoservicio,México,"6,770.40",n.d.,n.d.,n.d.,n.d.,"7,000",n.d.,ndndndndndndnd,-3
394,Provident México,Servicios financieros,Reino Unido,"6,719.00",597.00,n.d.,"6,336.00","3,315.00","2,507",19.8,72297228.647.6,-10
395,Profuturo,Afore,México,"6,608.40","1,958.60","2,185.30","9,781.00","1,380.50","3,629",23.3,ndndndndndndnd,20
396,Hershey's México,Dulces y confitería,Estados Unidos,"6,589.20",n.d.,n.d.,n.d.,n.d.,"3,000",n.d.,ndndndndndndnd,-22
397,Alamos Gold,Minería,Canadá,"6,543.80",n.d.,n.d.,n.d.,n.d.,519,n.d.,ndndndndndndnd,19
398,Banco Bancrea,Servicios financieros,México,"6,535.00",811.00,"1,006.00","49,688.00","45,326.00",,57718.6,ndndndndndndnd,19
399,,Afore,México,"6,527.10","2,653.40","3,068.10","27,179.80","2,016.50",n.d.,10.5,ndndndndndndnd,5
400,Grupo Imagen Medios de Comunicación,Medios de comunicación,México,"6,500.00",n.d.,n.d.,n.d.,n.d.,"2,000",n.d.,ndndndndndndnd,-40
401,Grupo Altex,Agroindustria,México,"6,500.00",n.d.,n.d.,n.d.,n.d.,"6,500",n.d.,ndndndndndndnd,-6
402,Pascual Boing,Alimentos y bebidas,México,"6,500.00",n.d.,n.d.,n.d.,n.d.,"5,000",n.d.,ndndndndndndnd,1
403,Seguros Sura,Seguros y fianzas,Colombia,"6,475.00",288.00,67.00,"9,762.00","8,191.00",,66618.3,74571033053,-16
404,Inversora Bursátil Casa de Bolsa,Servicios financieros,México,"6,431.00",355.00,395.00,"14,583.00","8,356.00",,1265.7,ndndndndndndnd,-33
405,Grupo Celanese,Química y petroquímica,Estados Unidos,"6,305.50",n.d.,n.d.,769.90,n.d.,n.d.,n.d.,ndndndndndndnd,-11
406,Element Fleet Management México,Logística y transporte,Canadá,"6,272.50",n.d.,n.d.,n.d.,n.d.,514,n.d.,ndndnd1060.639,36
407,Yara México,Agroindustria,Noruega,"6,085.60",953.20,293.30,n.d.,n.d.,433,n.d.,ndndndndndndnd,-43
408,Corporativo GBM,Servicios financieros,México,"5,996.00",58.00,(301.00),"45,889.00","39,327.00",,6930.9,64671011049.3,-23
409,Grupo Chufani,Construcción,México,"5,791.00",226.00,582.00,"6,243.00","4,609.00",,37713.4,30010032.1,49
410,JK Tornel,Automotriz y autopartes,India,"5,781.60",n.d.,n.d.,n.d.,n.d.,"1,700",n.d.,ndndndndndndnd,-4
411,Bausch Health México,Química farmacéutica,Canadá,"5,774.00",n.d.,n.d.,n.d.,n.d.,"1,256",n.d.,ndndndndndndnd,-4
412,Sistema de Transporte Colectivo,Logística y transporte,México,"5,745.60","(6,883.80)",n.d.,"376,104.80","3,291.50","15,000",n.d.,nanananananannd,0
413,Yakult México,Alimentos y bebidas,Japón,"5,731.30",n.d.,n.d.,n.d.,n.d.,"3,600",n.d.,ndndndndndndnd,5
414,Autlán,Minería,México,"5,725.60",(223.60),(96.30),"11,998.80","6,934.40","1,810",(4.1),122179009,-23
415,Financiera Independencia,Servicios financieros,México,"5,715.90",804.40,"1,102.80","11,669.80","5,412.00","4,362",12.9,91118225nd,-6
416,Takeda México,Química farmacéutica,Japón,"5,712.00",889.00,889.00,"4,959.00","1,312.00",,55424.4,16106320047.3,n.d.
417,Agnico Eagle México,Minería,Canadá,"5,703.60",n.d.,n.d.,"8,932.00",n.d.,"1,359",n.d.,ndndndndndndnd,-25
418,TI Fluid Systems México,Automotriz y autopartes,Reino Unido,"5,666.70",n.d.,n.d.,n.d.,n.d.,"2,000",n.d.,ndndndndndndnd,-19
419,,Afore,Colombia,"5,640.00","2,090.00","2,284.00","9,644.00","1,317.00","2,548",25.1,135398112.559.7,10
420,Autobuses IAMSA,Logística y transporte,México,"5,620.00",n.d.,n.d.,n.d.,n.d.,"24,000",n.d.,ndndndndndndnd,5
421,Conagra Brands México,Alimentos y bebidas,Estados Unidos,"5,603.00",n.d.,n.d.,n.d.,n.d.,727,n.d.,ndndndndndndnd,-13
422,KUA,Alimentos y bebidas,México,"5,600.00",n.d.,n.d.,n.d.,n.d.,"1,500",n.d.,6233150065,39
423,Grupo GICSA,Inmobiliario,México,"5,507.20",975.00,"5,347.40","77,255.80","43,014.30",,8002.8,ndndnd200nd,3
424,Grupo Pasa,Automotriz y autopartes,México,"5,473.90",n.d.,n.d.,n.d.,n.d.,916,n.d.,4125nanana0.3,-4
425,Goldman Sachs Casa de Bolsa,Servicios financieros,Estados Unidos,"5,455.00","1,766.00","2,425.00","88,349.00","74,066.00",,5512.4,ndndndndndndnd,25
426,Fibra Hotel,Hotelería y Turismo,México,"5,406.80",387.10,908.60,"17,577.60","4,990.00",n.d.,3.1,ndndndndndndnd,-5
427,Brown-Forman Tequila México,Bebidas alcohólicas y tabaco,Estados Unidos,"5,315.70",n.d.,n.d.,n.d.,n.d.,400,n.d.,ndndndndndndnd,18
428,Vinte Inmobiliaria,Inmobiliario,México,"5,288.50",405.50,603.60,"23,027.60","16,146.50","3,581",5.9,ndnd010110nd,2
429,BUPA México,Seguros y fianzas,Reino Unido,"5,286.00",192.00,48.00,"5,610.00","4,417.00",,86416.1,10550512057.,36
430,Vitro,Vidrio y envases,México,"5,208.50","(1,771.00)",234.70,"24,356.40","12,746.60","1,458",(15.3),ndndnd1200nd,-17
431,Montepío Luz Saviñón,Servicios financieros,México,"5,200.00",80.00,120.00,"3,400.00","1,400.00","1,100",2.4,72292063047,n.d.
432,Wheaton Precious Metals México,Minería,Canadá,"5,193.80",n.d.,n.d.,n.d.,n.d.,n.d.,n.d.,ndndndndndndnd,47
433,STM Financial,Servicios financieros,Estados Unidos,"5,146.00",848.00,"1,143.00","37,052.00","31,274.00",n.d.,14.7,ndndndndndndnd,n.d.
434,Ford Credit,Servicios financieros,Estados Unidos,"5,134.70",366.00,567.60,"42,482.30","38,543.90",,1739.3,ndndnd2540nd,n.d.
435,Grupo Martex,Textil y confección,México,"5,052.90",n.d.,n.d.,n.d.,n.d.,"4,110",n.d.,41253007,32
436,Wabtec de México,Automotriz y autopartes,Estados Unidos,"5,040.80",n.d.,n.d.,623.20,n.d.,n.d.,n.d.,ndndndndndndnd,-36
437,Seguros Argos,Seguros y fianzas,México,"5,011.20",120.70,(310.10),"8,371.90","7,741.90",n.d.,19.2,ndndndndndndnd,11
438,Mexicana de Industrias y Marcas,Alimentos y bebidas,México,"4,990.00",202.00,489.00,"2,824.00","1,901.00","1,000",21.9,72298004,6
439,GMD (Grupo Mexicano de Desarrollo),Holding,México,"4,917.50",993.30,"1,252.30","12,515.90","3,670.80","2,007",11.2,ndndnd1300nd,-15
440,Grupo Financiero Barclays México,Servicios financieros,Reino Unido,"4,883.00",936.00,"1,322.00","98,029.00","89,497.00",,11111.0,ndndndndndndnd,23
441,PAM Transport México,Logística y transporte,Estados Unidos,"4,864.50",n.d.,n.d.,n.d.,n.d.,n.d.,n.d.,ndndndndndndnd,-22
442,Klar,Servicios financieros,México,"4,832.00",(576.00),"(1,200.00)","12,235.00","10,266.00","2,254",(29.3),125428337.534,n.d.
443,Hospitales MAC,Servicios de salud,México,"4,813.00",(507.00),201.00,"13,320.00","8,957.00","4,542",(11.6),4009111.16,40
444,CCL Industries México,Vidrio y envases,Canadá,"4,775.40",n.d.,n.d.,n.d.,n.d.,n.d.,n.d.,ndndndndndndnd,-4
445,GSK,Química farmacéutica,Reino Unido,"4,741.00",n.d.,n.d.,n.d.,n.d.,450,n.d.,178473133.359.,12
446,Corp. Interamericana de,Entretenimiento,México,"4,708.60","1,441.70","1,810.30","14,160.30","7,348.90",,90321.2,ndndnd800nd,-18
447,Capstone México Mining,Minería,Canadá,"4,668.70",n.d.,n.d.,n.d.,n.d.,n.d.,n.d.,ndndndndndndnd,25
448,Smart Fit,Centros recreativos y de esparcimiento,Brasil,"4,642.00",208.00,985.00,"12,199.00","9,272.00","1,365",7.1,711428621.448.9,30
449,Corporación Inmobiliaria Vesta,Inmobiliario,México,"4,625.20","4,093.90","3,532.40","72,549.20","24,941.00",,1328.6,ndndnd20420nd,22
450,Fibra Macquarie México,Servicios inmobiliarios,México,"4,568.60","12,165.30","3,296.80","68,225.20","21,917.40",,8926.3,ndndnd8112.5nd,6
451,Grupo Royal Holiday,Hotelería y turismo,México,"4,556.00",500.00,519.00,"17,145.00","8,905.00","3,890",6.1,7343536044,-19
452,Assa Abloy México,Materiales y herramientas,Suecia,"4,532.60",n.d.,n.d.,n.d.,n.d.,"4,423",n.d.,ndndndndndndnd,0
453,Macropay,Comercio especializado,México,"4,500.00",n.d.,n.d.,n.d.,n.d.,"3,000",n.d.,ndndndndndndnd,n.d.
454,Epiroc México,Maquinaria y equipo,Suecia,"4,492.80",n.d.,n.d.,"1,506.80",n.d.,n.d.,n.d.,ndndndndndndnd,-3
455,Corpovael Inmobiliaria,Inmobiliario,México,"4,487.40",232.50,427.70,"11,870.50","6,386.50","2,502",4.2,ndnd010110nd,-16
456,FM Global de México,Seguros y fianzas,Estados Unidos,"4,465.00",190.40,34.10,"9,674.90","8,767.70",n.d.,21.0,ndndndndndndnd,13
457,ManpowerGroup,Recursos humanos,Estados Unidos,"4,449.00",n.d.,n.d.,n.d.,n.d.,"44,299",n.d.,1375413753.863,-8
458,Médica Sur,Servicios de salud,México,"4,403.00",462.00,568.00,"4,411.00","2,067.00","2,297",19.7,60019526.360,-5
459,Hydro Aluminium México,Siderurgia y metalurgia,Noruega,"4,392.80",n.d.,n.d.,326.40,n.d.,493,n.d.,ndndndndndndnd,-32
460,Birmex,Servicios de salud,México,"4,360.00",n.d.,n.d.,n.d.,n.d.,600,n.d.,ndndndndndndnd,2
461,Negociación Industrial Carvid,Construcción,México,"4,324.00",296.00,393.00,"1,224.00",306.00,,47632.3,1542782253,56
462,Stabilus México,Automotriz y autopartes,Luxemburgo,"4,309.70",n.d.,n.d.,851.90,136.20,n.d.,n.d.,ndndndndndndnd,-29
463,Fibra Terrafina,Servicios inmobiliarios,México,"4,199.50","3,844.80","1,808.50","70,387.90","23,669.10",n.d.,8.2,ndndnd500nd,5
464,Acciona México,Infraestructura,España,"4,177.80",n.d.,n.d.,n.d.,n.d.,"3,358",n.d.,ndndndndndndnd,-33
465,Grupo Bolsa Mexicana de Valores,Servicios financieros,México,"4,165.00","1,808.50","2,162.60","9,007.00","1,236.10",,50323.3,1532018422.24,40
466,GrupoWitt,Automotriz y autopartes,México,"4,117.00",45.00,257.00,"2,024.00","1,331.00",,7366.5,83382003,50
467,Fibra Educa,Servicios inmobiliarios,México,"4,062.60","3,607.80","4,228.20","40,976.40","8,230.20",,4611.0,ndndnd1400nd,-12
468,Start Banregio,Servicios financieros,México,"4,043.00",984.00,"1,414.00","29,359.00","24,366.00",n.d.,19.7,ndndndndndndnd,n.d.
469,Howmet Aerospace México,Aeroespacial,Estados Unidos,"4,032.60",n.d.,n.d.,"1,246.40",n.d.,n.d.,n.d.,ndndndndndndnd,-33
470,Leggett & Platt de México,Tecnología diversificada,Estados Unidos,"4,029.60",n.d.,n.d.,212.60,n.d.,n.d.,n.d.,ndndndndndndnd,-16
471,Norte 19 Promotora de Hoteles,Hotelería y turismo,México,"4,002.00",72.00,539.00,"13,401.00","5,154.00","4,050",0.9,611711218.263.,39
472,Grupo Gayosso,Servicios profesionales,México,"4,000.00",n.d.,n.d.,n.d.,n.d.,"8,700",n.d.,ndndndndndndnd,10
473,Endeavour Silver México,Minería,Canadá,"3,989.30",(577.00),771.30,n.d.,n.d.,"1,060",n.d.,ndndndndndndnd,1
474,Eli Lilly y Compañía de México,Química farmacéutica,Estados Unidos,"3,946.00",213.00,338.00,"3,590.00",923.00,,5358.7,103309333.360,-15
475,Roadis Concesiones Mexico,Infraestructura,España,"3,934.00",933.00,"2,629.00","31,236.00","21,672.00",,3589.8,6350nanana51,10
476,vivo Smartphone,Electrónica de consumo,China,"3,932.00",n.d.,n.d.,n.d.,n.d.,221,n.d.,11546524042,n.d.
477,Arauco México,Materiales y herramientas,Chile,"3,891.40",n.d.,n.d.,n.d.,n.d.,756,n.d.,ndndndndndndnd,-4
478,Aseguradora Patrimonial Vida,Seguros y fianzas,México,"3,873.00",74.00,(119.00),"3,411.00","3,262.00",,5649.7,31337114.352,n.d.
479,Aseguradora Aserta,Seguros y fianzas,México,"3,812.50",251.40,161.50,"7,258.70","6,046.20",n.d.,20.7,ndndndndndndnd,-2
480,Valores Mexicanos Casa de Bolsa,Servicios financieros,México,"3,801.00",46.00,58.00,"27,682.00","26,837.00",,2115.4,ndndndndndndnd,-4
481,Adelnor Grupo Empresarial,Agroindustria,México,"3,776.30",n.d.,n.d.,n.d.,n.d.,650,n.d.,ndndndndndndnd,-17
482,Philips,Tecnología diversificada,Países Bajos,"3,757.70",n.d.,n.d.,n.d.,n.d.,n.d.,n.d.,ndndndndndndnd,11
483,MUFG Bank México,Servicios financieros,Japón,"3,697.80","1,145.00","1,481.00","48,218.00","39,229.00",,18612.7,300ndndnd37.1,-8
484,Seguros Azteca,Seguros y fianzas,México,"3,660.70",997.70,794.00,"6,956.10","3,874.50",n.d.,32.4,ndndndndndndnd,-43
485,Vedanta México,Minería,India,"3,631.00",n.d.,n.d.,n.d.,n.d.,n.d.,n.d.,ndndndndndndnd-1,57
486,Aranzazu - Aura Minerals,Minería,Estados Unidos,"3,607.10",523.10,"1,195.80","6,349.50",n.d.,n.d.,n.d.,ndndndndndndnd,5
487,Coliman Bananas - Grupo AGGALL,Agroindustria,México,"3,600.00",n.d.,n.d.,n.d.,n.d.,"3,000",n.d.,61178337.545,-4
488,Neoris,Computación y servicios,México,"3,595.00",n.d.,n.d.,n.d.,n.d.,"2,432",n.d.,2121080025.7,-2
489,Corporación Mexicana de,Restaurantes,México,"3,589.50",n.d.,n.d.,n.d.,n.d.,"4,004",n.d.,ndnd021419nd,-8
490,Grupo Adecco México,Servicios profesionales,Suiza,"3,563.20",n.d.,n.d.,"1,127.60",898.40,"50,546",n.d.,922240043,-44
491,INVEX Casa de Bolsa,Servicios financieros,México,"3,431.00",200.00,288.00,"13,646.00","12,497.00",,3117.4,ndndndndndndnd-1,5
492,Carso Energy,Electricidad y energía,México,"3,355.00","1,167.00","2,540.00","48,771.90","24,883.60",n.d.,n.d.,ndndndndndndnd,-8
493,Grupo Multisistemas de Seguridad Industrial,Servicios de seguridad,México,"3,328.70",218.70,233.30,"3,485.50",707.60,"13,887",7.9,500933.32,1
494,Grupo Hema,Holding,México,"3,253.00",n.d.,n.d.,n.d.,n.d.,"1,400",n.d.,41259222.225,-6
495,El Cid Resorts,Hotelería y turismo,México,"3,214.00",311.10,222.70,"10,652.00","4,409.70","3,953",5.0,ndndnd20210nd,-8
496,Grupo Hi-Tec,Maquinaria y equipo,México,"3,177.00",88.00,349.00,"3,279.00","2,805.00",,41541.2,93336116.723,-1
497,Masari Casa de Bolsa,Servicios financieros,México,"3,113.00",203.00,294.00,"24,236.00","23,585.00",,31531.2,ndndndndndndnd,n.d.
498,Enel,Electricidad y energía,Italia,"3,090.00","(1,891.00)","1,324.00","22,285.00","10,067.00",270,(15.5),72291564031,-2
499,Argonaut Gold de México,Minería,Canadá,"3,012.80",n.d.,n.d.,n.d.,n.d.,n.d.,n.d.,ndndndndndndnd,-9
500,Grupo CICE,Transporte y logística,México,"3,007.00",n.d.,n.d.,n.d.,n.d.,"2,800",n.d.,ndndndndndndnd,n.d.